{"WA 98133": [47.733852, -122.34461], "WA 98119": [47.63877, -122.36694], "WA 98042": [47.363382, -122.11451], "WA 98008": [47.609222, -122.1155], "WA 98052": [47.677471, -122.12138], "WA 98115": [47.68382, -122.30122], "WA 98038": [47.381989, -122.03553], "WA 98045": [47.483057, -121.73254], "WA 98155": [47.753019, -122.30373], "WA 98105": [47.66377, -122.30118], "WA 98074": [47.625364, -122.045347], "WA 98106": [47.53282, -122.35443], "WA 98007": [47.610935, -122.14104], "WA 98092": [47.297285, -122.16328], "WA 98198": [47.397521, -122.315], "WA 98006": [47.562975, -122.1526], "WA 98102": [47.63287, -122.32253], "WA 98011": [47.751471, -122.20257], "WA 98125": [47.716648, -122.30308], "WA 98003": [47.311072, -122.31188], "WA 98136": [47.538887, -122.38803], "WA 98033": [47.67903, -122.1934], "WA 98029": [47.572401, -122.02065], "WA 98117": [47.685919, -122.37838], "WA 98034": [47.71828, -122.19702], "WA 98072": [47.758786, -122.10205], "WA 98023": [47.309021, -122.36178], "WA 98107": [47.66747, -122.37468], "WA 98166": [47.458821, -122.34943], "WA 98116": [47.57487, -122.39392], "WA 98024": [47.565642, -121.88638], "WA 98055": [47.467422, -122.21005], "WA 98027": [47.522828, -122.02921], "WA 98059": [47.493031, -122.14169], "WA 98075": [47.584879, -122.033685], "WA 98014": [47.648232, -121.91265], "WA 98065": [47.530639, -121.83053], "WA 98199": [47.64767, -122.39758], "WA 98053": [47.640972, -122.03318], "WA 98058": [47.448322, -122.14584], "WA 98122": [47.61157, -122.30406], "WA 98103": [47.671346, -122.34166], "WA 98112": [47.629653, -122.29752], "WA 98005": [47.611021, -122.16858], "WA 98118": [47.543348, -122.27496], "WA 98177": [47.740886, -122.36978], "WA 98004": [47.618371, -122.20308], "WA 98019": [47.7353, -121.96222], "WA 98144": [47.58577, -122.30081], "WA 98168": [47.491327, -122.3027], "WA 98001": [47.303722, -122.26608], "WA 98056": [47.510739, -122.18372], "WA 98146": [47.501753, -122.35688], "WA 98028": [47.75287, -122.24736], "WA 98148": [47.443756, -122.33068], "WA 98057": [47.432251, -121.803388], "WA 98040": [47.569271, -122.23233], "WA 98010": [47.317802, -122.01479], "WA 98051": [47.359414, -121.88657], "WA 98031": [47.388461, -122.19644], "WA 98109": [47.630648, -122.34675], "WA 98030": [47.369098, -122.192276], "WA 98126": [47.54687, -122.3748], "WA 98032": [47.388254, -122.25932], "WA 98178": [47.497971, -122.24664], "WA 98288": [47.658047, -121.41445], "WA 98108": [47.546188, -122.31514], "WA 98070": [47.416198, -122.46821], "WA 98188": [47.450321, -122.27472], "WA 98002": [47.304221, -122.21602], "WA 98039": [47.626571, -122.2328], "WA 98022": [47.193729, -121.91915], "WA 98068": [47.397811, -121.39603], "WA 98047": [47.26619, -122.24463], "WA 98050": [47.536015, -121.931195], "WA 98354": [47.248208, -122.31737], "WA 98077": [47.758786, -122.10205]}